{"Knowledge": 55.699375, "player_state": {"score": 72, "rebirths": 4, "multiplier": 1002.8000000000002}, "items": {"Cursor": {"cost": 26.235093749999994, "cps": 0.2, "owned": 4, "progress": 0.6774999999999999, "speed": 2.0}, "Grandma": {"cost": 100, "cps": 1, "owned": 0, "progress": 0.0, "speed": 5.0}}}