{
    "Knowledge": 2582.323221206665,
    "Insight": 0,
    "rebirth_multiplier": 8.0,
    "rebirth_count": 3,
    "items": {
        "Manual research": {
            "cost": 17.25,
            "cps": 1,
            "owned": 1,
            "elapsed": 0.39800000000000174,
            "gif_path": "AdamStuff/assets/gif_0.gif"
        },
        "Turbo Learn": {
            "cost": 57.49999999999999,
            "cps": 1,
            "owned": 1,
            "elapsed": 0.39800000000000174,
            "gif_path": "AdamStuff/assets/gif_1.gif"
        },
        "Super Click": {
            "cost": 15.208749999999998,
            "cps": 3,
            "owned": 3,
            "elapsed": 0.06466666666666772,
            "gif_path": "AdamStuff/assets/gif_3.gif",
            "click_bonus": 1
        }
    },
    "last_saved_time": 1749314890.4662225
}