{
    "Knowledge": 5641.010802000001,
    "rebirth_multiplier": 1,
    "rebirth_count": 0,
    "upgrade_levels": [
        5,
        4,
        2,
        4,
        2,
        0,
        0,
        0,
        0,
        0
    ],
    "last_saved_time": 1749875915.3401606
}