{
    "Knowledge": 17179869184.0,
    "Insight": 6727118.0,
    "rebirth_multiplier": 67108864.0,
    "rebirth_count": 26,
    "items": {
        "Manual research": {
            "cost": 45.88534293808591,
            "cps": 1,
            "owned": 8,
            "elapsed": 0.06200000000000857,
            "gif_path": "AdamStuff/assets/gif_0.gif"
        },
        "Turbo Learn": {
            "cost": 232.61956980320463,
            "cps": 1,
            "owned": 11,
            "elapsed": 0.06200000000000857,
            "gif_path": "AdamStuff/assets/gif_1.gif"
        },
        "Super Click": {
            "cost": 23.130607656249992,
            "cps": 3,
            "owned": 6,
            "elapsed": 0.06200000000000585,
            "gif_path": "AdamStuff/assets/gif_3.gif",
            "click_bonus": 1
        }
    },
    "last_saved_time": 1749374171.9611073
}