{
    "Knowledge": 31098.103747136887,
    "rebirth_multiplier": 1,
    "rebirth_count": 0,
    "upgrade_levels": [
        20,
        20,
        20,
        20,
        20,
        0,
        0,
        0,
        0,
        0
    ],
    "last_saved_time": 1749914636.8037453
}