{
    "Knowledge": 111.17999999999992,
    "rebirth_multiplier": 2,
    "rebirth_count": 1,
    "upgrade_levels": [
        20,
        20,
        20,
        20,
        20,
        0,
        0,
        0,
        0,
        0
    ],
    "last_saved_time": 1749911436.9355404
}