{"Knowledge": 61.60000000000004, "player_state": {"score": 72, "rebirths": 4, "multiplier": 1002.8000000000002}, "items": {"Cursor": {"cost": 17.25, "cps": 0.2, "owned": 1, "progress": 0.46550000000000036, "speed": 2.0}, "Grandma": {"cost": 100, "cps": 1, "owned": 0, "progress": 0.0, "speed": 5.0}}}