{
    "Knowledge": 828828.3027438576,
    "rebirth_multiplier": 1,
    "rebirth_count": 0,
    "items": {
        "Manual research": {
            "cost": 39.900298207031234,
            "cps": 1,
            "owned": 7,
            "elapsed": 0.3610000000000015,
            "gif_path": "AdamStuff/assets/gif_0.gif"
        },
        "Turbo Learn": {
            "cost": 100.56785937499995,
            "cps": 1,
            "owned": 5,
            "elapsed": 0.3610000000000015,
            "gif_path": "AdamStuff/assets/gif_1.gif"
        },
        "Super Click": {
            "cost": 23.130607656249992,
            "cps": 3,
            "owned": 6,
            "elapsed": 0.02766666666666727,
            "gif_path": "AdamStuff/assets/gif_3.gif",
            "click_bonus": 1
        }
    },
    "last_saved_time": 1749418047.7315404
}