{
    "Knowledge": 34.36999999999999,
    "rebirth_multiplier": 1,
    "rebirth_count": 0,
    "upgrade_levels": [
        1,
        1,
        0,
        0,
        0,
        0,
        0,
        0,
        0,
        0
    ],
    "last_saved_time": 1749891002.3321946
}